Year,AFG,ALB,DZA,AND,AGO,ATG,ARG,ARM,ABW,AUS,AUT,AZE,BHS,BHR,BGD,BRB,BLR,BEL,BLZ,BEN,BMU,BTN,BOL,BIH,BWA,BRA,BRN,BGR,BFA,BDI,KHM,CMR,CAN,CPV,CYM,CAF,TCD,CHL,CHN,COL,COM,COG,ZAR,CRI,CIV,HRV,CUB,CYP,CZE,DNK,DJI,DMA,DOM,ECU,EGY,SLV,GNQ,ERI,EST,ETH,FRO,FJI,FIN,FRA,GUF,PYF,GAB,GMB,GEO,DEU,GHA,GIB,GRC,GRL,GRD,GUM,GTM,GGY,GIN,GNB,GUY,HTI,HND,HKG,HUN,ISL,IND,IDN,IRN,IRQ,IRL,ISR,ITA,JAM,JPN,JEY,JOR,KAZ,KEN,KIR,KOR,KWT,KGZ,LAO,LVA,LBN,LSO,LBR,LBY,LIE,LTU,LUX,MAC,MDG,MWI,MYS,MDV,MLI,MLT,MHL,MRT,MUS,MEX,FSM,MDA,MNG,MNE,MAR,MOZ,MMR,NAM,NRU,NPL,NLD,ANT,NCL,NZL,NIC,NER,NGA,NOR,OMN,PAK,PLW,PSE,PAN,PNG,PRY,PER,PHL,POL,PRT,PRI,QAT,ROM,RUS,RWA,KNA,LCA,WSM,SMR,STP,SAU,SEN,SRB,SYC,SLE,SGP,SVK,SVN,SLB,SOM,ZAF,ESP,LKA,VCT,SDN,SUR,SWZ,SWE,CHE,SYR,TJK,TZA,MKD,THA,TLS,TGO,TON,TTO,TUN,TUR,TKM,TUV,UGA,UKR,ARE,GBR,USA,URY,Uzbekistan,VUT,VEN,VNM,VIR,YEM,ZMB,ZWE
1990,,,,,,,,,,0.585094712,0.130369377,,,,,,,0.00100674,,,,,,,,,,,,,,,0.360999701,,,,,,,,,,,,,,,,,0.097277268,,,,,,,,,,,,,0.40108767,0.052777862,,,,,,0.125892223,,,,,,,,,,,,,,,,,,,,,,0.110773866,0.017544562,,0.020293683,,,,,,0.023265092,,,,,,,,,,,,,,,,,,,,,,,,,,,,,,,,,0.334386942,,,,,,,0.707299448,,,,,,,,,,,,,,,,,,,,,,,,,,,,,,,,,0.012873564,,,,,,0.584192066,0.595714223,,,,,,,,,,,,,,,,,0.087355319,0.784728502,,,,,,,,,
1991,,,,,,,,,,1.097203891,0.259081553,,,,,,,0.020072645,,,,,,,,0.003288171,,,,,,,0.570385926,,,,,,,,,,,,,,,,,0.194056515,,,,,,,,,,,,,1.397439332,0.140113895,,,,,,0.250274153,,,0.048788803,,,,,,,,,,,0.120955444,0.00338263,0.505129002,,,,,0.056796044,0.2146241,0.035063256,,0.040438041,,,,,,0.046124435,,,,,,,,,,,,,,,,,,,,,,0.005880695,,,,,,,,,,,0.531496128,,,,,,,1.407395158,,,,,,,,,,0.005229468,0.10023057,,,,,,,,,,,,,,,,0.161504498,,,,,0.013283591,0.025686194,,,,,,1.160519453,1.17995597,,,,,5.22334E-05,,,,,,,,,,,,0.174230922,1.163193726,,,,,,,,,
1992,,,,,,,0.002992874,,,1.768764913,0.642817619,,,,,,,0.100041027,,,,,,,,0.012946262,,,,,,,0.91598104,,,,,0.036548938,,,,,,0.001113325,,,,0.05006043,,0.386913951,,,,0.005118035,,,,,0.065484797,,,,1.88687977,0.279049463,,,,,,0.43528529,,,0.048291602,,,,,,,,,,,0.849527883,0.048353421,1.53916008,0.000111308,,,,0.169686377,0.310579197,0.070053433,,0.096678025,,,,,,0.098404337,,,,,,,,,,,0.153198791,,,,0.001047822,,,,,,,0.01730781,,,,,,,,,,,1.320008028,,,0.285941241,,,,2.216365832,,,,,,,,,,0.052127181,0.250426501,,,,0.000672532,,,,,,,,,,,,0.471368155,,,,,0.038869106,0.076845453,,,,,,1.497871352,1.751713322,,,,,0.000343725,,,,,,,,,,,,0.260615159,1.724202539,,,,0.012082134,,,,,
1993,,,,,,,0.029527065,,,1.974611016,0.76534273,,,,,,,0.199446059,,,,,,,,0.025498253,,0.002339042,,,,,1.184557509,,,,,0.071783144,0.00016868,,,,,0.081509754,,0.097213389,,0.056367482,0.581319529,0.578329976,,,,0.016400751,0.000975791,,,,0.300711282,,,0.006678447,2.568461349,0.590619383,,,,,,0.463635096,,,0.191062242,,,,,,,,,,,1.334568031,0.193414395,2.667825265,0.000218176,,,,0.281141005,0.398833333,0.122462053,,0.401277526,,,,,,0.249946523,0.091082245,,,,,,,,,,0.302155121,,,,0.025538478,,,,,,,0.028305042,,,,,,,,,,,1.967087737,,,0.631215367,,,,2.783990846,,,,,,,,,,0.129961704,0.450161608,,,0.003703214,0.013447238,,,,,,,,,,,,0.763278139,0.127829232,0.409792399,,,0.113747184,0.127689668,,,,,,1.716364182,2.167270203,,,,,0.013580966,,,,,,0.008457732,,,,0.00077697,,0.519762001,2.271673294,,,,0.041587233,,,,,
1994,,,0.000360674,,,,0.043705951,0.009117014,,2.232101254,1.393422968,0.001431415,,,,,0.000485951,0.69599469,,,,,,,,0.037672709,,0.019526669,,,,,2.378693853,,,,,0.141084507,0.001168115,0.107173945,,,,0.279912479,,0.268318997,,0.111034621,1.259217838,1.34430775,,,,0.034833586,0.00638327,,,,1.159750913,,,0.007907399,4.915098554,0.899867425,,,,,,0.922541043,,,0.378174312,0.064712121,,0.34845391,,,0.000138318,,,,,2.784198266,0.483580975,6.794811784,0.001069562,0.001059744,0.000408332,,0.558377222,0.57696646,0.192304619,0.036817104,0.799684291,,,0.000521079,,,0.311359364,0.147162703,,,,,,,,,,0.496486119,0.036993376,,,0.099607417,,,,,,,0.043339167,,0.000825391,,,,,,,,,3.257308831,,,3.168718848,0.013166228,,,4.152450292,,,,,0.007636899,,,0.008504578,0.005844253,0.389098144,0.718905754,0.027254662,,0.026300162,0.053817493,,,,,,,,,,,,1.185203797,0.318509704,1.071570172,,,0.246905533,0.280069738,0.002765448,,,,,3.412810096,2.720004329,,,,,0.038614321,,,,,0.007379544,0.049869182,,,,0.013641246,,1.036609166,4.862780635,0.062474386,,,0.055486978,,0.940645283,,0.006776105,0.00173928
1995,,0.011168695,0.001768954,,,2.200768802,0.086277081,0.052743123,,2.759654513,1.890210524,0.002055556,0.960030721,0.346205844,,0.007752238,0.002921254,0.99166299,0.04539718,,6.838163465,,0.066807568,,0.064521041,0.105138168,1.017080166,0.119665549,,,,,4.163525253,,3.948967193,,,0.346980781,0.00495471,0.18804679,,,,0.416829206,0.000200256,0.51402859,9.1658E-05,0.410120685,1.45357584,3.82565642,0.01603083,0.548762737,0.017233601,0.043833641,0.031319638,,,,2.778968489,1.75491E-05,,0.009115343,13.90030389,1.637947245,,,,0.009217541,0.011836885,1.837737754,0.000347918,,0.749616477,0.053940342,,0.659530909,0.002998005,,0.000668589,,,,0.036775252,3.218635643,0.677486054,11.2158757,0.026228879,0.026109477,0.004179752,,1.108386328,0.93042297,0.524412787,0.109487986,1.594363148,,0.02323392,0.011302355,0.000727482,,0.81968667,0.202898433,,,,0.071617991,,,,,,1.590941911,0.280014086,,,0.145673837,,,0.224995699,,,,0.10256419,,0.003457217,0.008811225,,0.003710492,,,0.006172051,,0.000924878,6.47315766,,0.005179013,4.88424078,0.030046478,,,6.423220493,,0.000122702,,,0.056123043,,,0.033412305,0.028585702,0.647752333,1.494334529,0.135102783,0.190209535,0.074952756,0.148151042,,,0.305656686,,1.362132711,,0.010956134,0.000692848,,,,2.873418722,0.523210163,2.898985609,0.02487191,,0.676740104,0.380800728,0.005484436,0.128634622,,0.114720735,0.00103175,5.098024244,3.552007211,,,,0.04074384,0.074825338,,,0.12323112,0.158149899,0.011191954,0.081691205,,,0.002863471,0.043083985,0.102939175,1.895168284,9.237088297,0.310128582,0.001527093,,0.122214848,,2.801957634,,0.008783623,0.00768354
1996,,0.032196828,0.001738533,1.526601023,0.000775929,2.858449577,0.141954704,0.094572902,2.768382663,3.27524987,6.909162353,0.006354585,1.746950698,0.843254219,,0.389464214,0.029298294,2.968411647,0.882807327,0.0016931,16.20246602,,0.196081174,0.015125563,0.15745423,0.450789179,3.303349927,0.725251167,0.000960519,0.000803592,,,6.76023965,,,0.005849503,,0.68347561,0.013081692,0.330017773,,0.00352686,0.000108207,0.84105704,0.00840978,0.858982368,0.031949001,0.673343541,1.940378193,5.714987841,0.031166241,1.165518146,0.074987053,0.086161276,0.061466899,0.086389581,,,3.525111129,0.001703448,2.318786811,0.064437142,16.78007526,2.584033979,0.34875286,0.090971944,,0.03550736,0.040065419,3.054805234,0.005648763,,1.395360779,1.796719191,0.298032982,1.356106888,0.019534871,1.62601626,0.001948942,,0.065854115,0.007484253,0.043711246,4.748838672,0.969239536,14.80647932,0.046333977,0.056623989,0.01582608,,2.199301832,2.1683676,1.023289903,0.591145842,4.372981968,1.138329842,0.044938549,0.031824512,0.008839115,,1.624237192,0.855662317,,,0.812717072,0.140166939,0.00284594,,,,0.277421291,5.551653306,0.727273598,0.003695196,,0.852044466,0.22693009,0.002055228,1.051527475,0.037059432,,0.183769158,0.20040628,0.278037795,0.004643901,0.018160749,,0.005675444,0.003042979,,0.009032145,,0.004510473,9.649069145,0.264737962,0.252983946,8.041899368,0.084093291,0.001039305,0.00883298,18.25031077,,0.00299173,,,0.219998526,0.002067023,0.020359612,0.24623258,0.055946029,1.295200255,2.98087767,0.268160428,0.930185833,0.221622649,0.26975293,0.000883372,1.945569823,0.670465974,,1.428075186,,0.026732651,0.011238219,,0.651474286,0.002506116,8.34995903,0.783290109,5.072272271,0.268683585,0.00150955,0.841882931,1.331847404,0.054464499,0.483248317,,0.226306297,0.050399009,9.04359976,4.549656748,,,0.001622155,0.075995734,0.115472136,,0.010929139,0.163793456,0.393080525,0.027615372,0.192724936,,,0.004625948,0.098580381,0.375393534,4.123650336,16.41935296,1.847472089,0.004285074,0.056845636,0.24826058,0.000134813,4.647185664,0.000621081,0.009069176,0.016790484
1997,,0.048593919,0.010268463,3.050175385,0.005673746,3.480536838,0.280339882,0.111650935,,16.36935838,9.533974317,0.025187933,1.362953903,1.646299202,0.000751046,0.783428912,0.049020891,4.93808091,1.288582302,0.024648796,24.18925674,,0.447839036,0.059425563,0.30774685,0.786079155,4.831057905,1.219813132,0.018686353,0.007979439,0.005844911,0.006768744,15.07235736,0.24096792,,0.014270881,0.000658168,1.057092496,0.032394861,0.550521023,,0.003469104,0.000211213,1.640221288,0.018828361,1.729609312,0.068220214,4.378272095,2.915698695,11.38200494,0.082941498,,0.142687565,0.110217959,0.090480245,0.256960679,0.041462292,0.009017718,5.706276548,0.00496672,4.601297566,0.223454842,19.4586828,4.255003872,0.67481392,0.21438525,0.047999009,0.051311347,0.060930333,6.711087477,0.027537542,2.662907268,1.849634688,7.954504682,0.990883868,2.344571647,0.095476021,3.387096774,0.003803109,0.016389063,0.131828033,,0.170996468,10.51875705,1.942449872,27.47886875,0.070767849,0.194910264,0.046756094,,4.08825507,4.399405482,2.276737834,0.797797441,9.16307714,3.347093607,0.599341106,0.064596754,0.034406051,,3.600801564,2.174535859,,,2.053454712,1.241079739,0.005584433,0.004489443,,,0.978422157,7.142704085,2.364127672,0.014333647,0.004668518,2.307393234,0.309444238,0.010085919,3.920605132,,0.004172527,0.475629193,0.62731154,0.570676845,0.028128808,0.112742554,,0.021635203,0.011842611,,0.058750679,,0.021998858,14.0655114,,0.989334969,14.6015244,0.206216818,0.002008766,0.017237401,20.41788144,0.439792805,0.027549238,,,0.539065541,0.100588321,0.099576719,0.403429701,0.136912963,2.073465474,4.953001955,1.331822159,3.083749186,0.445444676,0.472963763,0.001625791,2.258559942,0.992168483,0.174571863,1.41854848,,0.052099031,0.027347441,,1.28295593,0.004987835,13.47162042,1.173381014,7.591923004,0.391923246,0.002948713,1.632093791,2.803319625,0.162464548,0.926371957,0.001231819,1.003086936,0.088545986,23.72794756,15.1,0.032607814,,0.007900283,0.503985009,0.360522185,,0.211139465,0.510866122,1.173174658,0.043656974,0.473695432,,,0.010319341,0.198821885,3.295592694,7.385398957,21.61640097,3.363239668,0.010536935,0.139505815,0.390959318,0.003981962,6.948368986,0.015025295,0.009329658,0.033080327
1998,,0.06502737,0.020238555,6.886209218,0.018453724,4.0717165,0.83076668,0.128659478,,30.81323944,15.42121932,0.037485109,2.33559071,3.218202151,0.003684813,1.970249237,0.073868897,7.886622701,2.091516391,0.047877304,32.10375935,,0.626484062,0.14367106,0.602400929,1.477874959,6.284742844,1.844965121,0.045423484,0.015842776,0.016324986,0.013216341,24.8974003,0.472735008,,0.027878201,0.004268504,1.662322022,0.168540297,1.126225245,0.03787097,0.003415143,0.000413065,2.666378698,0.060974439,3.273220279,0.226699199,8.890539159,3.895906065,22.66874615,0.094696004,2.925345191,0.233914189,0.125272771,0.147987377,0.425253672,0.094423774,0.008774236,10.79603483,0.009663517,11.33786848,0.633167865,25.45252493,6.319778722,0.978294897,1.316164696,0.17012488,0.206094461,0.102830957,9.877852428,0.032240443,4.183794329,3.221821786,14.65444717,1.484854484,4.50128419,0.466590444,7.258064516,0.006203369,0.024060421,0.26408811,0.023999477,0.301247214,14.54597958,3.894643278,36.2642065,0.139027329,0.255306646,0.099815221,,8.096010043,10.30706995,4.558519565,1.978726318,13.41404088,4.653272996,1.305888264,0.131069604,0.050261388,0.616545618,6.781815468,3.052397455,0.072808334,0.009657814,3.315267886,2.722352199,0.010956533,0.004099387,,,1.972063745,11.74555372,7.003324245,0.062561023,0.018057365,6.751770483,0.569627464,0.019793888,6.500783995,,0.040594795,2.565279962,1.265783278,1.858718785,0.260818206,0.145810542,,0.142300767,0.020197055,,0.286745093,,0.064393596,22.24382769,,1.936042825,31.63626081,0.303808975,0.002911503,0.025231461,22.56011255,0.862725306,0.043947719,,,2.750648071,0.234958542,0.194904951,1.19038044,1.103405994,4.102272002,9.870446442,2.647646679,3.52002985,2.237649473,0.812744451,0.011763573,3.343810607,1.304988973,0.230359015,1.408557941,0.295847047,0.101429893,0.079871379,,2.526177514,0.014805065,19.59076716,2.689809786,10.10460285,0.508292797,0.00716442,2.906220867,4.361892394,0.296351104,1.853997683,0.004805071,1.670148436,0.096099605,33.46751233,24.8,0.063687286,,0.009244125,1.002861666,1.091218985,,0.305583935,0.765134358,2.724825339,0.107940957,0.698805129,,,0.065289465,0.301075792,6.908302986,13.6699831,30.09319659,6.987069365,0.020754437,0.274185942,1.383990391,0.013078543,9.245220221,0.023323243,0.030226183,0.081648476
1999,,0.081437045,0.199523843,7.635686143,0.071964087,5.300681138,3.284481956,0.970737757,4.506179098,40.7837839,23.0443171,0.099228942,3.764557822,4.720358118,0.036170407,2.376247035,0.494881245,13.77221446,4.076740564,0.154906741,39.94758876,0.137571514,0.981815187,0.1943742,1.122391474,2.038732184,7.671041206,2.908154025,0.061780293,0.039204469,0.031969578,0.129067581,36.18644004,1.159982461,,0.040894287,0.012321728,4.103419297,0.708187957,1.697730794,0.148162964,0.016791049,0.001009076,3.904323257,0.118685917,4.405359119,0.314690541,11.34239866,6.832802018,30.59204065,0.105761909,2.932164377,1.104743874,0.823371634,0.290445278,0.845428741,0.097415945,0.025495028,14.50089724,0.012541599,22.29753835,0.942462063,32.29509229,9.125317889,1.258241482,3.448900232,0.249009564,0.715827015,0.416343567,20.84598264,0.104895466,5.936978297,6.877292144,21.60261331,2.473166147,8.497176323,0.592652945,15.2,0.060808919,0.117702448,3.966354735,0.070658478,0.573575476,21.23068197,5.857840749,41.29456671,0.273224277,0.444415936,0.378569095,,10.93380859,13.43612191,14.37841019,2.355688556,21.39129031,6.946856547,2.526965353,0.464277218,0.114256028,1.211577838,23.55219445,4.756222209,0.20471135,0.037780708,4.387409055,5.376809498,0.05380446,0.011328732,0.133617289,,2.9230547,17.3879578,9.212005085,0.168608781,0.087278755,12.3055022,1.119908615,0.060909873,7.759798038,0.966071567,0.118464464,4.652213227,1.857436221,2.797594069,0.600695269,0.50847156,,0.175595345,0.056250629,0.000151709,0.336217708,,0.146668869,39.17600725,1.099426649,5.688147323,41.49448266,0.497901643,0.028136022,0.041038723,40,2.515665987,0.055357238,,,3.836864509,0.667113315,0.38165732,1.952497608,1.431608803,5.45644373,14.74233784,5.265682651,4.070728915,2.697580217,1.018984614,0.067176482,4.400440044,1.932105802,0.285308333,42.80331575,0.363203161,0.49358534,0.311090952,,6.229054803,0.048490656,24.15543693,5.437758139,12.61093843,0.494541498,0.013910394,4.116249583,7.085039678,0.348414425,2.7820023,0.008794581,1.891871357,0.4707176,41.43278316,34,0.124295462,0.032791858,0.075130889,1.49733026,2.426242432,,0.590363264,1.01796712,5.814250962,1.602494764,2.292117685,0.04502077,,0.10554394,0.405385448,14.94269899,21.29363827,35.84872446,9.972765285,0.030688343,0.538300048,2.839825767,0.128926663,11.07460593,0.056628675,0.147053172,0.161675528
2000,,0.114097347,0.491705679,10.53883561,0.105045562,6.482225737,7.038683086,1.300470022,15.44282295,46.75611561,33.73013295,0.147757576,8,6.153732546,0.071039423,3.973678355,1.860398126,29.43169169,5.963835303,0.225247851,42.94986002,0.400944447,1.442763585,1.08296075,2.902666622,2.870685159,8.996284534,5.370923469,0.077080169,0.077248447,0.04702264,0.252120078,51.3,1.822443852,,0.053394174,0.035707076,16.6,1.775913207,2.207532993,0.271740607,0.026354732,0.005902114,5.800253023,0.231461671,6.644882544,0.541182549,15.25539437,9.780527888,39.17243086,0.194500528,8.814844198,3.704692356,1.462188536,0.641265038,1.177397269,0.132354665,0.136711941,28.57695381,0.015263767,32.91639236,1.496854734,37.24846174,14.30792394,9.687341067,6.357063545,1.216140618,0.921794919,0.484746299,30.2163466,0.153615298,19.13163812,9.138837308,31.74781123,4.063907991,16.11312704,0.712332905,31.89792663,0.095424924,0.230103171,6.611491566,0.231270715,1.203855999,27.82776068,6.999676351,44.47053382,0.52753245,0.925563864,0.93419002,,17.85046724,20.87379,23.11087424,3.115778027,29.99074036,9.218713989,2.623275422,0.668594403,0.318059714,1.785225474,44.7,6.731395768,1.041401145,0.111044032,6.319062083,7.952743736,0.21180607,0.017702706,0.187042622,36.51522989,6.427067495,22.88732797,13.60858974,0.196394691,0.126780945,21.38473116,2.203872939,0.142545755,13.11370871,1.534271796,0.192031462,7.281535115,5.081384153,3.734862137,1.282846417,1.255652004,,0.693791245,0.10959253,,1.644739547,,0.204651684,43.98435137,,13.93954882,47.37955654,0.980216487,0.036261294,0.064080808,52,3.520421417,,,1.111306207,6.554796477,0.835249302,0.747630712,3.076430611,1.982253196,7.285428708,16.43046769,10.47464821,4.863679179,3.613717291,1.977230109,0.06283146,5.86281024,5.090483341,0.566392533,48.79949531,4.638516816,2.210691809,0.403967486,,7.395629183,0.118254246,36,9.426803201,15.11025956,0.481296806,0.02,5.348559732,13.62496081,0.647410011,3.245037411,0.025785032,2.506411052,0.926191777,45.68765221,47.1,0.18169858,0.048599595,0.11719444,2.485566316,3.689041279,,0.8,2.434398044,7.721411474,2.750740293,3.761685035,0.133282183,5.241639585,0.163714063,0.716183762,23.62530088,26.82175435,43.07916264,10.53905775,0.484347308,2.108336891,3.359597465,0.254248276,13.81508054,0.082500387,0.191071643,0.401433535
2001,0.004722568,0.325798377,0.646114017,,0.136013867,8.899285515,9.780807285,1.631094667,17.1,52.68926643,39.18545018,0.305564638,11.8,15.03863425,0.129807974,11.93645034,4.300616022,31.28839551,,0.36341789,47.5096999,0.864628564,2.120462534,1.200526951,3.430886787,4.528494869,12.91776908,7.612297749,0.157732465,0.106001245,0.076956056,0.277051322,60.2,2.685332713,,0.078543428,0.045934134,19.1,2.639650215,2.854199971,0.443068373,0.032223616,0.011475782,9.559482135,0.395747702,11.55857318,1.079751722,18.81875904,14.69717212,42.95752472,0.343526263,13.24522804,4.429390697,2.670443674,0.838945611,1.5,0.165260423,0.157815289,31.52748977,0.037162381,43.24698352,1.857978594,43.10536335,26.32590355,11.62398726,6.251588946,1.347620222,1.336791166,0.992344436,31.65093942,0.20000806,21.17110944,10.93502581,35.46413689,5.128103982,25.38022753,1.738201782,44.46578802,0.175541868,0.299569145,13.2069865,0.340832326,1.415281931,38.67140323,14.5285543,49.39299537,0.660146377,2.018613859,1.484221332,0.1,23.13881219,17.37862386,27.22211698,3.863020387,38.53206086,16.05762393,4.705719581,1.006124211,0.619782266,2.337458948,56.6,8.551792434,3.002941327,0.181664461,7.219345808,6.783219775,0.261150063,0.033812227,0.366533175,45.11685265,7.179356994,36.16342251,22.52121677,0.222511586,0.164020725,26.6959725,3.617290649,0.185897413,17.87784832,1.706614078,0.261448552,8.780904019,7.038023117,4.660527199,1.487812952,1.653238239,,1.371438101,0.160031947,0.000289277,2.416979442,2.987155233,0.240015303,49.37306211,,18.23710978,53.24101529,1.448799428,0.105185431,0.08990137,64,5.893841521,1.318550779,,1.836854839,7.268399878,0.904103545,1.098793836,7.578762957,2.52400566,9.900669707,18.08713656,15.63003092,6.170268561,4.538669029,2.944367787,0.24067241,7.714726556,8.181863954,1.689902831,50.34166909,6.310917888,4.681053166,0.983794059,,11.01510293,0.160264445,41.67042518,12.52832185,30.17591047,0.468551964,0.079039179,6.346619318,18.14872269,0.793821864,5.094809778,0.140185224,3.064448389,1.28159005,51.76566494,55.1,0.35375913,0.051259133,0.171300351,3.468184608,5.556326121,,0.9,2.825371839,15.38462722,4.297966035,5.189481461,0.175209518,,0.237945087,1.238759547,26.2717542,33.48109487,49.08083159,11.12143768,0.597567994,2.830572239,4.636000948,1.265651236,18.37576604,0.090802459,0.233129556,0.799846046
2002,0.004561395,0.390081273,1.59164126,11.26046872,0.270376746,12.5,10.88212438,1.960405046,18.8,,36.56,4.999713678,18,18.05072089,0.139920289,27.83632242,8.950971315,46.33,5.684251214,0.702945595,52.03159737,1.675802584,3.117192947,2.648267914,3.385922351,9.149425086,15.32987986,9.08,0.200992598,0.118228412,0.226983238,0.360871584,61.59329927,3.518757175,,0.128537117,0.166069665,22.1,4.595704331,4.6,0.554869675,0.157249517,0.092790702,19.89485113,0.497929361,17.76,3.770585038,28.32,23.93,64.25,0.486971705,18.42489277,6.823725733,4.260796915,2.719999715,1.9,0.321197997,0.227090138,41.52,0.072402262,53.29922183,6.1526497,62.43,30.18,13.92424099,8.200216486,1.939530106,1.796779883,1.58787563,48.82,0.830284034,23.67023975,14.67,44.15478903,14.75884055,31.19229426,3.39174627,53.57142857,0.402022749,1.022993234,,0.893432988,2.597402597,43.08238303,16.67,79.12,1.537875582,2.134135733,4.626175115,0.5,25.85,17.76459906,28.04,6.1,46.59420112,19.40639269,6.025532412,1.674770995,1.207773885,2.5,59.4,10.24896793,2.99926518,0.267899241,21.94,7,1.083943137,0.032713307,2.244418222,59.47071067,17.69,39.84,25.17188016,0.339720155,0.215094727,32.33820434,5.347765169,0.227045578,28.92,2.335444575,0.363229415,10.25262467,11.9,5.570099705,3.787242799,2.039572603,,2.373253192,0.259612611,0.000426494,2.633699769,,0.31295606,61.29,,22.38979742,59.08075328,1.714729584,0.127152469,0.320461976,72.84,6.873396039,2.577426737,20.24393947,3.100092235,8.518077815,1.321656935,1.794969598,8.96694917,4.332275746,21.15,19.37,17.54764757,10.22612893,6.58,4.128271818,0.292784719,21.15238176,14.64183577,2.244832676,50.83483994,7.580665169,6.38470502,1.006454537,,14.30417083,0.176198957,47,40.14,27.83888542,0.501919843,0.115614213,6.710322437,20.39,1.050422706,5.54959488,0.439477639,4.161568745,1.816203807,70.57,61.4,2.093101019,0.055462827,0.222484414,17.33,7.531250335,,1,2.907297316,21.99867548,5.252887295,11.38,0.302132016,,0.384093505,1.873885116,28.31648531,56.48,58.78540388,11.4194702,1.081939742,3.510038711,4.910446327,1.854999236,27.49443238,0.518796032,0.477750907,3.994356135
2003,0.087891253,0.971900415,2.195359731,13.54641288,0.370682065,17.22864878,11.91369655,4.575217225,20.8,,42.7,,20,21.55494499,0.163877665,39.68962712,,49.97,,0.951327115,56.52201218,2.436912399,3.508596401,3.965036834,3.345190174,13.2075861,19.59500322,12.04,0.373440303,0.201273197,0.260570198,0.587622611,64.2,4.324885391,,0.151563338,0.320308555,25.47377889,6.2,7.388923711,0.84818937,0.460014187,0.134914837,20.33361481,0.758669629,22.75,5.241269054,30.09,34.3,76.26,0.625940229,23.62041985,7.898392937,4.460228345,4.037885107,2.5,0.520524272,0.725623232,45.32,0.105811659,58.91264097,6.725434738,69.22,36.14,16.55098772,14.12429379,2.659586594,2.436781193,2.558816481,55.9,1.193057911,28.32577979,17.8,54.53425983,18.64518218,33.71668179,4.548854908,59.13978495,0.450960371,1.354197478,,1.647358346,4.8,52.20004335,21.63,83.14,1.686489971,2.38701978,6.933721953,0.6,34.31,19.59339366,29.04,7.8,48.43526589,22.72727273,8.466005016,2.000414753,2.941902861,3,65.5,22.40293838,3.908766268,0.333912466,26.98,8,1.53249659,0.031868935,2.814517987,58.80969184,25.91,54.55,25.74212398,0.423252419,0.278815116,34.97115234,5.97659285,0.310364443,31.64,2.569750367,0.424004896,12.1871062,12.9,9.2325021,7.407544584,,,3.353366681,0.419538844,0.024064149,3.359839886,,0.382810917,64.35,,26.40833447,60.96253987,1.880412532,0.155698704,0.558576245,78.13,7.255742945,5.041158126,21.60152718,4.130616356,9.987424077,1.374404668,2.111942082,11.6,4.857672267,24.87,29.67,19.70702566,19.24233642,8.9,8.298860616,0.356918467,22.96978429,20.98247346,2.799630449,50.00345304,10.16184431,8.001582891,2.10143643,,14.59250432,0.190173282,53.83794329,43.04,31.85479301,0.555609882,0.376198003,7.007691726,39.93,1.458580228,6.462274167,0.538471703,4.719875395,2.437073851,79.13,65.1,3.397972614,0.064583777,0.676962857,19.07,9.299027238,,1.2,2.985817368,25.97176411,6.490845795,12.33,0.425182632,,0.46484984,3.148127588,29.47795341,64.82,61.69711712,15.93713672,1.912595178,3.903295845,7.499963465,3.780280814,27.42907299,0.6047341,0.980483039,6.394786458
2004,0.10580903,2.420387798,4.634475088,26.83795439,0.464814618,24.26654372,16.03668411,4.899008571,23,,54.28,,22,21.45868051,0.199036334,49.8,,53.86,5.793616883,1.182540965,60.99086701,3.156984196,4.439924601,15.46897162,3.304889253,19.07367227,29.71560414,18.13,0.400295285,0.349060462,0.300436644,0.976075415,65.95596346,5.31883207,,0.223401395,0.360920107,28.17791012,7.3,9.118690303,1.327327178,1.07750493,0.196208375,20.79230671,0.849282415,30.91,8.407984759,33.83,35.5,80.93,0.781317175,30.31961309,8.865553461,4.834442638,5.150666232,3.2,0.843930285,1.161025669,53.2,0.155334521,66.53359947,7.412943485,72.39,39.15,19.49837856,17.88453743,2.9790698,3.308003478,3.886221354,64.73,1.716797704,32.88608261,21.42,56.09901476,19.57062058,36.16178784,5.1,64.51612903,0.508819332,1.808142203,,5.401261908,5.6,56.39988039,27.74,83.88,1.976136492,2.600285876,7.49,0.9,36.99,22.77048553,33.24,10,62.39392963,30.68181818,11.65874137,2.650394657,3.023528042,3.5,72.7,22.92711204,5.090385307,0.36143449,38.58,9,2.175524339,0.031011185,3.532838162,64.00744814,31.23,65.88,31.48409738,0.525353655,0.347505335,42.25226563,6.588254875,0.43281964,34.62,3.599776814,0.481470438,13.68908859,14.1,11.01786731,10.62939084,,25.3500686,11.60793477,0.679447835,0.024337392,3.804715615,,0.449843651,68.52,,30.29804621,61.84762781,2.320664609,0.189933734,1.286137641,77.69,6.75885217,6.164320985,26.97033263,4.400904826,11.14086254,1.507912772,3.452438431,14.1,5.243628452,32.53,31.78,22.13073823,20.70164785,15,12.8593889,0.430854243,24.73767754,21.39521236,3.07552941,50.56634304,13.32285269,10.234533,4.38602398,23.5,24.27213922,0.203007681,62,52.89,40.81,0.649672673,1.053454744,8.425118683,44.01,1.44615998,7.371165842,0.791561615,6.076047814,3.228685073,83.89,67.8,4.321593778,0.077479907,0.877574971,24.44,10.67730332,,1.5,3.952373895,27.02427008,8.528817752,14.58,0.754053983,,0.71997068,3.489477881,30.13129617,65.61,64.75825648,17.06309834,2.593725421,4.746602619,8.404469592,7.642408528,27.37700879,0.881222989,2.013549532,6.564045027
2005,1.224148084,6.043890864,5.843942092,37.60576622,1.143366827,34.7164029,17.72058337,5.252983352,25.4,63,58,8.030375356,25,21.30373351,0.241637326,56.07085461,,55.82,9.210288601,1.271031439,65.44706579,3.847106745,5.227583957,21.326701,3.262554036,21.02274725,36.46639195,19.97,0.469914489,0.542142866,0.317321781,1.402654226,71.66,6.074087107,38.03438308,0.268195609,0.3992577,31.17534703,8.523257003,11.00726389,2,1.46342006,0.238037799,22.07,1.039238205,33.14,9.738062208,32.81,35.27,82.74,0.953611449,38.54364326,11.48319778,5.994255161,11.69839821,4.2,1.149789671,1.788460051,61.45,0.219659819,67.90263174,8.453636634,74.48,42.87,20.79331445,21.54218547,4.89326475,3.799001139,6.079457629,68.71,1.831197461,39.07013088,24,57.7034045,20.48780488,38.55987756,5.7,73.57102434,0.542254181,1.901365316,,6.376201635,6.5,56.9,38.97,87,2.388075,3.602024763,8.1,0.9,41.61,25.19404242,35,12.8,66.9210661,31.25,12.93285205,2.961707492,3.101897702,4,73.5,25.92610837,10.53380134,0.85035749,46,10.14,2.580245484,,3.917787977,63.37135615,36.22,70,34.86292717,0.567721802,0.384489334,48.62917025,6.869605067,0.507063136,41.24,3.878702398,0.669966475,15.17222875,17.21,11.8813691,14.63027046,,27.1,15.08444452,0.854357118,0.065238856,4.010046644,,0.826551266,81,,32.35901475,62.72021237,2.566351177,0.221341351,3.549155718,81.99,6.68358142,6.332329098,,16.005,11.48400928,1.716190476,7.907007861,17.1,5.397636329,38.81,34.99,23.40005045,24.73349378,21.5,15.2266732,0.556041165,34,21.56758295,3.352592112,50.2595642,13.75948422,12.70503599,4.786684083,26.3,25.41326815,0.21539161,61,55.19,46.81,0.844307573,1.077327839,7.48854253,47.88,1.792046794,9.198278082,1.292040678,6.403086288,3.696961073,84.83,70.1,5.648106049,0.298690024,4.3,26.45,15.02600436,0.099031768,1.8,4.907782762,28.97671243,9.655086542,15.46,0.997256559,,1.742205503,3.749764415,40,70,67.96805292,20.08818956,3.343509888,5.082333808,12.55299791,12.73992929,27.34431967,1.048597934,2.851752261,8.015978089
2006,2.107123645,9.609991316,7.375984956,48.936847,1.907647507,62.63886919,20.9272021,5.631787777,28,66,63.6,11.99217733,26,28.24395243,1,63,16.2,59.72,10.40167814,1.537854346,69.89965516,4.518317258,6.200671255,25.12238569,4.289932975,28.17838018,42.18634916,27.09,0.632707564,0.65759259,0.46835672,2.028744791,72.4,6.808911008,44.5,0.311159173,0.581045764,34.49775117,10.52315262,15.34167454,2.2,2.007990079,0.29605361,25.1,1.524900791,37.98,11.15960131,35.83,47.93,86.65,1.270041159,39.3981743,14.84492837,7.2,12.55279997,5.5,1.279193596,2.159383211,63.51,0.310592657,69.35944512,9.6000384,79.66,46.87,22.06425495,25.10796425,5.489200803,5.237691158,7.526876845,72.16,2.723175973,45.29864751,32.25,59.36168727,21.39599117,43.851443,6.5,83.63201912,0.637492123,2.057196705,,6.796000481,7.8,60.8,47.06,89.51,2.805499865,4.764813134,8.76,0.952344244,54.82,27.88107446,37.99,16.4,68.68527032,31.81818182,13.86710879,3.268369051,7.53378972,4.5,78.1,28.79119795,12.306907,1.169893428,53.63,15,2.979708187,,4.301051789,64.21416136,43.9,72.51,46.4,0.607552239,0.42513749,51.63798899,11.03635278,0.729627281,40.41,3.795590214,0.979661253,16.7,19.52,12.75033925,19.62064771,,28.9,19.77119157,0.842954488,0.182048331,4.398870647,,1.141389164,83.7,,33.51571468,69,2.805573063,0.294033977,5.545036083,82.55,8.299716673,6.5,,18.41,17.34956617,1.754487261,7.962073884,20.7,5.740586325,44.58,38.01,25.44241821,28.97411271,24.66,18.02327746,,49,24.5,4.469173873,50.20865936,14.18201978,19.45955435,5.611738652,27.2,34.95197117,0.227669467,59,56.08,54.01,1.646347989,1.100216368,7.607139675,50.37,2.537566129,12,8.092033734,9.499626942,3.696538789,87.76,75.7,7.832551569,3.772406207,5.8,28.62,17.16071472,0.116628277,2,5.853944095,30.00374858,12.98640865,18.24,1.319573118,,2.529363038,4.506124564,52,68.82,68.93119327,29.4,6.388321967,5.850585059,15.22471148,17.25456172,27.33261054,1.247824049,4.159913394,9.791841502
2007,1.9,15.03611541,9.451190626,70.87,3.2,70.06,25.94663294,6.021253397,30.9,69.45,69.37,14.54,27,32.91,1.8,64.7,19.7,64.44,10.86,1.79,74.35059403,5.92,10.49924432,27.92,5.28,30.88,44.68,33.64,0.75,0.7,0.49,2.93,73.2,8.28321982,52,0.375815961,0.847224521,35.9,16,21.8,2.5,2.759704374,0.37,28.4,1.8,41.44,11.69,40.77,51.93,85.03,1.62,40.27446301,17.66,10.8,16.05,6.11,1.557123059,2.509846441,66.19,0.37,75.98,10.89783105,80.78,66.09,23.31393614,28.59,5.767004576,6.205037419,8.26,75.16,3.85,51.61,35.88,61.07,22.29,46.15047362,7.3,,0.780025279,2.206302237,,7.2,9.4,64.8,53.3,90.6,3.95,5.786274729,9.47,0.93,60.55,48.12806219,40.79,21.1,74.3,32.38636364,20,4.02,7.95,6,78.8,34.8,14.03,1.64,59.17,18.74,3.44543126,0.551376581,4.721999379,65.08021844,49.9,78.92,47.327,0.65,0.965864737,55.7,16.3,0.81,46.9,3.71082549,1.433613196,20.22,20.81,13.62113273,20.45,,30.8,21.5,0.91,0.217128445,4.835610778,,1.41,85.82,,35.05,69.76,3.9,0.39039062,6.77,86.93,16.68,6.8,,21.176,22.29,1.790559361,11.21,25.2,5.97,48.6,39.62,27.86,37,28.3,24.66,2.115387178,52,27.9,4.749983235,50.36482211,14.5904832,30,7.7,33.15,38.38,0.239834699,68,61.8,56.74,2,1.122235622,8.065375174,55.11,3.88,16,8.66,14.11,4.1,82.01,77.2,,7.197619518,7.2,36.3,20.03,0.140958764,2.2,7.179865329,32.3,17.1,28.63,1.406360688,10,3.671965351,6.55,61,75.09,75,34,7.490604681,6.8,20.83,20.75544477,27.33933584,5.01,4.87,10.85
2008,1.84,23.86,10.18,70.04,4.6,75.03,28.11262348,6.21,34.2,71.67,72.87,17.08,31.54,51.95,2.5,66.5,23,66,11.31,1.85,82.3,6.55,12.5,34.66,6.25,33.83,46,39.67,0.92,0.81,0.51,3.4,76.7,20,61,1,1.19,37.3,22.6,25.6,3,4.287509903,0.44,32.29,1.9,50.6,12.94,42.31,62.97,85.02,2.26,41.16,20.82,18.8,18.01,10.08,1.82,4.06,70.58,0.45,75.57,13,83.67,70.68,24.53441406,33.87,6.21,6.88,10.01,78,4.27,58,38.2,62.82,23.18,48.41870215,8.3,,0.92,2.354888711,18.2,7.6,9.6,66.7,56,91,4.38,7.917479385,10.24,1,65.34,59.39,44.53,23.6,75.4,,23,11,8.67,7,81,42,15.7,3.55,63.41,22.53,3.58,0.53,9,70,55.22,82.23,49.24,1.65,0.7,55.8,23.2,1.57,50.08,3.626772173,1.87,21.81,21.71,14.49,23.39,12.49,32.9,33.1,1.56,0.22,5.329003772,,1.73,87.42,,34.51,72.03,5.3,0.7,15.86,90.57,20,7,,24.358,33.82,1.15,14.27,30.57,6.22,53.13,41.9,38,44.3,32.42,26.83,4.5,60,32,5.031615316,54.52,15.48,36,10.6,35.6,40.44,0.25,69,66.05,58,3,1.142687372,8.43,59.6,5.8,21,,21.06,6.85,90,79.2,14,8.78,9,46.04,18.2,0.163876816,2.4,8.110769944,34.8,27.53,34.37,1.75,15,7.9,11,63,78.39,74,39.3,9.080114523,7.269119923,25.88,23.92,27.36177742,6.89,5.55,11.4
2009,3.55,41.2,11.23,78.53,6,74.2,34,15.3,37.7,74.25,73.45,27.4,33.88,53,3.1,68.7,27.43,70,11.73,2.24,83.25,7.17,16.8,37.74,6.15,39.22,49,45,1.13,0.9,0.53,3.84,80.3,25,64.5,1.8,1.5,38.8,28.9,30,3.5,4.5,0.56,34.33,2,56.27,14.33,49.81,64.43,86.84,4,42.02,27.72,24.6,24.28,12.11,2.13,4.93,72.5,0.54,75.18,17,82.49,71.58,25.70340925,44.6,6.7,7.63,20.07,79,5.44,65.07,42.4,62.83,24.05,50.64202838,9.3,,0.94,2.303280592,23.9,8.1,9.8,69.4,48,93,5.12,6.92,11.07,1.06,67.38,63.12,48.83,24.3,78,,26,18.2,10.04,8.97,81.6,50.8,17,6,66.84,30.14,3.72,0.51,10.8,75,59.76,87.31,54,1.63,1.07,55.9,24.8,1.8,58.86,3.546042133,2.28,22.51,26.34,15.35,27.5,12.6,35.1,41.3,2.68,0.22,6.5,,1.97,89.63,,33.99,79.7,7.3,0.76,20,92.08,51.5,7.5,,32.23,39.08,1.61,18.9,31.4,9,58.97,46.5,41.5,53.1,36.6,29,7.7,69,36,6,54.21,16.41,38,14.5,38.1,,0.26,69,70,64,4,1.160610542,10,62.4,8.78,31,,31.36,8.94,91,81.3,17.3,10.07,10,51.77,20.1,0.18525151,2.6,10,44.3,34.07,36.4,1.95,20,9.78,17.9,64,78,71,41.8,17.05821621,7.5,32.7,26.55,27.39650968,9.96,6.31,11.36
2010,4,45,12.5,81,10,80,40,,42,76,75.17,46,43,55,3.7,70.2,31.8,75,14,3.13,84.21,13.6,22.4,52,6,40.65,53,46.23,2.4,1,1.26,4.3,80.3,30,66,2,1.7,45,34.3,36.5,5.1,5,0.72,36.5,2.1,60.32,15.9,52.99,68.82,88.72,6.5,47.45,31.4,29.03,30.2,15.9,6,5.4,74.1,0.75,75.2,20,86.89,80.1,,49,7.23,9.2,26.9,82,9.55,65,44.4,63,33.46,,10.5,,1,2.45,29.9,8.37,11.09,72,53,95,7.5,10.92,16,2.5,69.85,67.5,53.68,27.67,78.21,,27.2,31.6,14,9.07,83.7,61.4,18.4,7,68.42,43.68,3.86,2.3,14,80,62.12,90.62,53.8,1.7,2.26,56.3,28.3,1.9,63,,4,28.33,31.05,20,32.3,12.9,37.5,49,4.17,0.25,11.6,6,7.93,90.72,,42,83,10,0.83,24,93.39,62,8,,42,40.1,1.28,19.8,34.77,25,62.32,51.1,45.3,81.6,39.93,43,8,76,40,7,,18.75,41,16,40.9,41,,71,75.71,70,5,,18,65.8,12,38.5,8,31.59,11.04,90,83.9,20.7,11.55,11,51.9,22.4,0.21,3,16,48.5,36.8,39.82,3,25,12.5,23.3,68,78,74,46.4,20,8,37.37,30.65,,12.35,10,11.5
2011,5,49,14,81,14.776,82,47.704,,57.06835805,79,79.8,50,65,77,5,71.7657,39.6,78,,3.5,88.336,21,30,60,7,45,56,51,3,1.11,3.1,5,83,32,69.46594499,2.2,1.9,53.8938,38.3,40.4,5.5,5.6,1.2,42.12,2.2,70.71,23.23,57.68,72.97,90,7,51.3135,35.5,31.4,35.62,17.68859598,,6.2,76.5,1.1,80.7321728,28,89.37,79.58,,49,8,10.8703,36.56,83,14.11,65,53,64,,,11.7274,83.632,1.3,2.672,32,,15.9,74.5,59,95.02,10.07,18,21,5,76.82,70,56.8,31.5,79.53,36,34.9,45,28,10,83.8,74.2,20,9,71.68,52,4.2248,3,16.9981,85,65.05,90.89,58,1.9,3.33,61,34,2,69.22,,4.5,34.95,36.15,,38,20,40,51,4.3,0.98,12,,9,92.3,,50,86,10.6,1.3,28.43,93.97,68,9,,55,42.7,2,23.9,36.5,29,64.88,55.3,48,86.2,44.02,49,7,,42,,49.6,20.1612,47.5,17.5,42.2,43.16400446,,75,74.44,72,6,1.25,21,67.6,15,43.01,19,32,18.13,91,85.2,22.5,13.03,12,56.7,23.7,0.9,3.5,25,55.2,39.1,42.1,5,30,13.01354333,30.6,70,82,77.863021,51.4,30.2,,40.22,35.07,,14.905,11.5,15.7
